category,value
Operating Cost,5.133196796989727e9
Investment Cost,7.540369426074841e8
Total Cost,5.887233739597211e9
