category,value
Operating Cost,8.81158316607729e8
Investment Cost,1.3262212090227659e8
Total Cost,1.0137804375100056e9
