category,value
Operating Cost,8934.303998550336
Investment Cost,1573.560079066191
Total Cost,10507.864077616527
