year,gen_inv,line_inv,total_inv
1,0.0,0.0,0.0
2,0.0,0.0,0.0
3,0.0,0.0,0.0
4,0.0,0.0,0.0
5,0.0,0.0,0.0
6,1573.560079066191,0.0,1573.560079066191
