year,gen_inv,line_inv,total_inv
1,0.0,1.9e6,1.9e6
2,0.0,-0.0,0.0
3,0.0,569000.0,569000.0
4,0.0,0.0,0.0
5,0.0,341000.0,341000.0
6,1.2954812090227659e8,264000.0,1.2981212090227659e8
