year,gen_inv,line_inv,total_inv
1,712.5,0.0095,712.5095
2,330.75,0.0,330.75
3,281.65499999999963,0.0,281.65499999999963
4,237.6000000000002,0.0,237.6000000000002
5,199.48499999999987,0.0,199.48499999999987
6,0.0,0.0,0.0
